City,Cost of Living Plus Rent Index,Local Purchasing Power Index,Country,COLwR,DiscInc,YearsToWork
Zurich,98.43,140.66,Switzerland,319163.424124514,2843466.18047951,2.24084987036607
San Francisco,100.08,134.29,United States,324513.618677043,2745506.37795135,2.32080350389581
San Jose,75.84,168.23,United States,245914.39688716,2668504.6935198,2.387772012315
Geneva,96.77,134.57,Switzerland,313780.804150454,2660892.16622831,2.39460317211934
Hamilton,117.44,108.82,Bermuda,380804.150453956,2538470.78102892,2.51008633604801
Basel,90.88,136.23,Switzerland,294682.230869001,2533395.28313481,2.51511513593465
Fremont,69.02,171.6,United States,223800.259403372,2481668.18114743,2.56753939560595
Lausanne,89.45,126.87,Switzerland,290045.395590143,2302280.02452408,2.76759592840361
Lugano,84.74,128.25,Switzerland,274773.022049287,2207765.90558869,2.886076284532
Washington,79.8,132.82,United States,258754.86381323,2162366.72911901,2.94666983916914
Seattle,74.91,138.55,United States,242898.832684825,2127910.13304131,2.99438436002509
Oakland,78.75,132.48,United States,255350.194552529,2127798.3629902,2.99454165053663
Irvine,72.35,138.1,United States,234597.924773022,2047753.14328998,3.11159616226041
Berkeley,82.5,119.76,United States,267509.727626459,1989409.25656127,3.20285069595562
New York,100,100,United States,324254.215304799,1960030.49976952,3.25085799566235
Bern,82.53,116.81,Switzerland,267607.003891051,1934518.68293626,3.29372927649713
Boston,79.36,119.57,United States,257328.145265888,1910246.79868919,3.33557989799545
San Diego,66.88,139.01,United States,216861.21919585,1906835.72200986,3.34154680886813
Austin,60.21,150.13,United States,195233.463035019,1869606.25555938,3.40808702526051
Anchorage,68.1,134.21,United States,220817.120622568,1866950.80884237,3.41293449818783
Atlanta,59.71,150.57,United States,193612.191958495,1860081.90759703,3.42553776578004
Raleigh,53.3,162.87,United States,172827.496757458,1810153.43997288,3.5200224915813
Chicago,65.97,134.03,United States,213910.505836576,1805844.69650765,3.52842126138549
Sydney,69.6,126.41,Australia,225680.93385214,1784063.82474237,3.57149824661567
Arlington,80.95,110.46,United States,262483.787289235,1780063.52824221,3.57952439383434
Santa Barbara,69.88,125.12,United States,226588.845654993,1770649.36275309,3.59855596254848
Luxembourg,74.91,116.03,Luxembourg,242898.832684825,1742557.42349131,3.6565686364307
Sacramento,61.31,138.07,United States,198800.259403372,1734863.13022844,3.67278588777133
Jersey City,72.9,118.32,United States,236381.322957198,1733934.85402735,3.67475214372575
Dallas,55.52,150.75,United States,180025.940337224,1731838.13193023,3.6792011357413
Long Beach,67.27,126.62,United States,218125.810635538,1727565.64006343,3.68830027302688
Charlotte,58.81,141.26,United States,190693.904020752,1706975.76008432,3.73278928202417
Honolulu,78.86,108.93,United States,255706.874189364,1706543.90463751,3.73373389609408
Canberra,55.5,148.78,Australia,179961.089494163,1706239.04399944,3.73440101744613
Nashville,58.22,142.16,United States,188780.804150454,1701820.04953243,3.74409786961226
Denver,62.06,133.86,United States,201232.166018158,1696403.46224466,3.75605271017707
Doha,57.2,141.9,Qatar,185473.411154345,1668607.39496059,3.81862194855506
Minneapolis,61.48,132.78,United States,199351.49156939,1665381.93925721,3.82601772705648
Stavanger,74.2,111.53,Norway,240596.627756161,1649769.12734385,3.86222576014407
Santa Rosa,74.11,110.8,United States,240304.798962387,1635410.01083208,3.89613661388554
Houston,53.27,147.87,United States,172730.220492866,1626608.82172483,3.91721767201612
Los Angeles,74.93,108.48,United States,242963.683527886,1613795.76621534,3.94831920823591
Portland,63.2,123.71,United States,204928.664072633,1581032.94441102,4.03013791992265
Salt Lake City,50.64,148.97,United States,164202.33463035,1559025.68860905,4.08702747393641
Tampa,54.47,139.42,United States,176621.271076524,1558111.9176159,4.08942435384706
Brooklyn,86.09,93.35,United States,279150.453955901,1556615.29995628,4.0933561568467
Oslo,77.35,101.97,Norway,250810.635538262,1550891.40784579,4.10846355178943
Burnaby,54.44,138.82,Canada,176523.994811933,1549792.38136225,4.11137704543179
Karlsruhe,46.16,160.99,Germany,149675.745784695,1547844.38904293,4.11655129354292
Copenhagen,68.94,111.9,Denmark,223540.856031128,1538644.5465672,4.14116492086077
Dubai,50.96,146.17,United Arab Emirates,165239.948119326,1536283.34998577,4.14752970015384
Trondheim,69.31,111.2,Norway,224740.596627756,1535819.76582427,4.14878162379822
Ann Arbor,57.96,129.91,United States,187937.743190661,1532033.52964476,4.1590348374394
Newcastle,53.67,139.04,Australia,174027.237354086,1530569.24603528,4.16301375349269
Saint Louis,49.42,149.39,United States,160246.433203632,1526207.5756932,4.17491101695244
Perth,53.38,138.47,Australia,173086.900129702,1515348.68007176,4.20482817302224
Reykjavik,83.54,93.5,Iceland,270881.971465629,1513370.5351942,4.21032435463675
Bakersfield,48.89,149.55,United States,158527.885862516,1511626.76934983,4.21518125446957
Brisbane,54.37,134.68,Australia,176297.016861219,1496382.25266108,4.25812375854272
Vancouver,48.59,148.88,United States,157555.123216602,1494914.5312031,4.26230442538399
Boulder,65.57,113.89,United States,212613.488975357,1493237.18093682,4.26709226321321
Saint Paul,58.01,126.75,United States,188099.870298314,1491481.5710762,4.27211502004691
Bergen,71.28,105.72,Norway,231128.404669261,1490244.96212428,4.27566003164683
Melbourne,57.65,127.02,Australia,186932.555123217,1485781.29846967,4.28850519822847
Philadelphia,64.19,115.01,United States,208138.78080415,1478232.55982884,4.31040486799693
Huntsville,44.61,159.13,United States,144649.805447471,1476915.78390484,4.31424790184811
Tacoma,57.08,127.08,United States,185084.306095979,1471873.32818912,4.32902798079584
Baltimore,58.74,123.63,United States,190466.926070039,1468386.61884288,4.33930733238287
Madison,50.29,142,United States,163067.444876783,1468181.38728266,4.33991390785225
Phoenix,50.83,139.85,United States,164818.417639429,1458982.61842075,4.36727671835793
Arlington,51.07,138.72,United States,165596.627756161,1452688.98001662,4.38619753406879
Orlando,54.8,129.95,United States,177691.30998703,1449007.22701998,4.39734233418695
London,76.1,96.87,United Kingdom,246757.457846952,1437173.14741083,4.4335512623493
Portland,58.74,120.84,United States,190466.926070039,1430950.71016128,4.45283039916845
Fort Worth,50.95,136.98,United States,165207.522697795,1429024.70408234,4.45883181985263
Heidelberg,52.21,133.5,Germany,169293.125810636,1422861.31559266,4.47814607937652
Everett,60.54,116.91,United States,196303.501945525,1420451.86349663,4.48574216815263
Las Vegas,48.89,141.3,United States,158527.885862516,1419491.85858085,4.48877588370818
Charleston,67.77,105.75,United States,219747.081712062,1417326.10539964,4.49563498311575
Saint Petersburg,56.68,123.64,United States,183787.28923476,1417020.06835494,4.49660591562053
Frankfurt,53.88,128.94,Germany,174708.171206226,1412250.02501292,4.51179373982275
Hanover,45.57,149.5,Germany,147762.645914397,1408455.42835135,4.52394920965032
Calgary,50.69,135.72,Canada,164364.461738003,1407142.74129699,4.52816948481347
Reading,59.26,118.08,United Kingdom,192153.047989624,1406257.08984868,4.53102129611551
Ottawa,48.41,139.83,Canada,156971.465629053,1389299.75937345,4.58632543403835
Columbus,52.36,130.32,United States,169779.507133593,1388914.77744899,4.5875966800647
San Antonio,47.05,143.39,United States,152561.608300908,1388530.96050974,4.5888647809327
West Palm Beach,58.35,117.79,United States,189202.33463035,1380797.17196415,4.61456682508561
Reno,48.77,137.88,United States,158138.78080415,1377907.36905681,4.62424468074321
Derby,42.49,155.19,United Kingdom,137775.616083009,1368487.00173469,4.65607697686641
Jacksonville,51.33,130.64,United States,166439.688715953,1365344.80820917,4.66679243485405
Kansas City,50.33,132.94,United States,163197.146562905,1365188.10627772,4.66732810857174
Tokyo,63.24,107.73,Japan,205058.365758755,1351189.44989399,4.71568278039599
Munich,59.72,112.71,Germany,193644.617380026,1343916.83558952,4.74120172705684
Abu Dhabi,58.15,115.18,United Arab Emirates,188553.826199741,1341395.4306996,4.75011370703316
Amsterdam,68.84,99.35,Netherlands,223216.601815824,1339063.73565526,4.75838502100859
Pittsburgh,58.27,114.55,United States,188942.931258106,1335777.94057114,4.77008986927381
Riverside,54.76,120.79,United States,177561.608300908,1333369.47071753,4.77870609898467
Darwin,53.34,123.6,Australia,172957.19844358,1333031.51079393,4.77991763159664
Eindhoven,54.5,120.46,Netherlands,176718.547341115,1322930.35809818,4.81641439620282
Cologne,48.92,132.53,Germany,158625.162127108,1322360.5889617,4.81848965789344
Red Deer,46.75,137.29,Canada,151588.845654994,1314535.32623469,4.84717351808941
Arhus,57.73,113.86,Denmark,187191.95849546,1314299.86216626,4.84804191595645
Stuttgart,50.26,128.53,Germany,162970.168612192,1312658.98050546,4.85410218232329
Adelaide,51.37,125.64,Australia,166569.390402075,1307736.92943707,4.87237201801787
Richmond,50.75,126.78,United States,164559.014267185,1305169.18783171,4.88195774258456
Mannheim,46.15,137.82,Germany,149643.320363165,1303251.5308134,4.88914125267973
Southampton,46.78,136.06,United Kingdom,151686.121919585,1302235.24112224,4.89295683353395
Singapore,65.11,101.65,Singapore,211121.919584955,1300716.27173668,4.89867080190392
Stockholm,58.63,111.04,Sweden,190110.246433204,1297021.96659553,4.91262367640748
Edmonton,48.74,129.59,Canada,158041.504539559,1284762.19910831,4.95950209800706
Cincinnati,49.34,128.18,United States,159987.029831388,1284686.26948438,4.95979522259173
Coventry,47.5,131.94,United Kingdom,154020.75226978,1277574.74293802,4.98740356064391
Espoo,54.45,116.9,Finland,176556.420233463,1277437.628748,4.98793888525322
Gold Coast,53.83,118.08,Australia,174546.044098573,1277401.60557804,4.98807954686615
Wellington,55.38,114.44,New Zealand,179571.984435798,1268136.21555242,5.02452397760929
Helsinki,58.85,108.32,Finland,190823.605706874,1265323.83847549,5.0356917558708
Swindon,49.69,125.35,United Kingdom,161121.919584955,1261677.1378278,5.05024671596091
Little Rock,43.34,141.19,United States,140531.7769131,1257261.923852,5.06798201793621
Paris,67.46,95.47,France,218741.893644617,1252430.25050837,5.08753347288719
Dusseldorf,49.81,124.26,Germany,161511.02464332,1252322.00967714,5.0879731991299
Bellingham,54.53,114.5,United States,176815.823605707,1249419.59751817,5.09979260336129
Hamburg,55.09,112.6,Germany,178631.647211414,1238340.77096437,5.1454179425553
Greensboro,47.22,128.92,United States,153112.840466926,1237468.87091005,5.14904331874785
Mississauga,51.95,118.21,Canada,168450.064850843,1234331.34874677,5.16213156895604
Des Moines,48.55,125.38,United States,157425.42153048,1233064.14180109,5.16743663684098
Lexington,41.89,142.79,United States,135830.09079118,1230508.66680464,5.17816817858255
Aberdeen,51.1,119.17,United Kingdom,165693.904020752,1225341.14650077,5.20000559853377
Albany,56.17,109.34,United States,182133.592736706,1220789.05818484,5.21939542232777
Aalborg,54.59,112.08,Denmark,177010.37613489,1220617.16576003,5.22013043946529
Ramat Gan,54.69,111.44,Israel,177334.630350195,1214857.77586507,5.2448780001269
Grand Rapids,48.2,124.42,United States,156290.531776913,1213605.0627059,5.25029189290876
Tampere,52.79,114.77,Finland,171173.800259403,1212807.67601899,5.25374381108227
Turku,47.35,126.06,Finland,153534.370946822,1209941.69820122,5.26618830592461
Memphis,47.22,126.24,United States,153112.840466926,1208561.33921217,5.27220308575435
Oklahoma City,45.63,129.67,United States,147957.19844358,1203617.99861024,5.29385638074123
Rotterdam,54.66,110.19,Netherlands,177237.354085603,1198583.99474797,5.31609036149161
Aachen,46.15,127.69,Germany,149643.320363165,1196461.33459791,5.32552171780723
Odense,54.12,110.67,Denmark,175486.381322957,1192676.90300333,5.34241990087403
Hobart,47.13,124.92,Australia,152821.011673152,1192046.95438603,5.34524315378132
Bristol,53.14,112.38,United Kingdom,172308.69001297,1191837.17709922,5.34618397911189
Salem,48.98,120.51,United States,158819.714656291,1189497.56700835,5.35669933141871
Dublin,69.76,88.82,Ireland,226199.740596628,1189162.07411225,5.35821059267684
Chattanooga,47.26,124.2,United States,153242.542153048,1187562.22962635,5.36542899644307
Quebec City,42.7,135.73,Canada,138456.549935149,1185439.7179548,5.375035714942
Gothenburg,50.28,117.22,Sweden,163035.019455253,1183281.63997023,5.38483874564141
Wichita,43.74,132.59,United States,141828.793774319,1182939.06579151,5.38639817229674
Cork,57.04,104.73,Ireland,184954.604409857,1179631.21593846,5.40150238127491
Newcastle upon Tyne,45.55,127.14,United Kingdom,147697.795071336,1175183.33669123,5.42194619595081
Tulsa,45.63,126.85,United States,147957.19844358,1174224.59955347,5.42637313537875
Miami,66.92,90.77,United States,216990.920881971,1170558.63096421,5.44336751134735
Albuquerque,46.46,124.3,United States,150648.50843061,1168520.88909843,5.45286000563834
Coquitlam,51.76,112.98,Canada,167833.981841764,1167980.26743492,5.45538396458642
Dresden,45.92,125.47,Germany,148897.535667964,1167211.92542815,5.45897508679114
Nice,54.46,107.94,France,176588.845654994,1166207.91376734,5.4636748273593
Spokane,48.63,119.12,United States,157684.824902724,1165556.90404497,5.46672650627789
Hamilton,45.18,126.95,Canada,146498.054474708,1163676.51513179,5.47556020858271
Leeds,47.78,120.17,United Kingdom,154928.664072633,1156644.25326504,5.50885097464599
Seoul,57.6,101.88,South Korea,186770.428015564,1153713.63018984,5.52284436552021
Oshawa,49.11,115.5,Canada,159241.245136187,1136451.87309062,5.60673176998645
Burlington,54.84,104.14,Canada,177821.011673152,1126742.57801632,5.65504574535172
Birmingham,55.76,102.31,United States,180804.150453956,1122335.87300108,5.67724954284846
Columbia,48.31,115.87,United States,156647.211413748,1122022.20644543,5.67883664451137
Auckland,58.7,97.65,New Zealand,190337.224383917,1119027.33786261,5.69403499479125
Bremen,45.64,121.28,Germany,147989.62386511,1116412.03744948,5.70737380839658
Berlin,50.46,110.75,Germany,163618.677042802,1112941.27241055,5.72517254941675
Cambridge,58.21,97.83,United Kingdom,188748.378728923,1112079.65163744,5.72960831765593
Milwaukee,53.45,105.19,United States,173313.878080415,1111003.61647956,5.7351575885127
Utrecht,57.56,98.61,Netherlands,186640.726329442,1109917.35914758,5.74077049016637
Glasgow,46.86,117.75,United Kingdom,151945.525291829,1108469.09979537,5.74827103713947
Buffalo,51.07,109.16,United States,165596.627756161,1107846.68931763,5.75150053103687
Asheville,55.21,102.01,United States,179020.75226978,1107482.02610572,5.75339434114623
Peoria,49.1,112.75,United States,159208.819714656,1105376.90926227,5.76435129821043
Cleveland,50.32,110.36,United States,163164.721141375,1105370.58179361,5.76438429506487
Indianapolis,52.76,105.78,United States,171076.523994812,1103771.99366431,5.77273282751516
Toronto,60.8,93.58,Canada,197146.562905318,1102534.68800554,5.77921120417917
Kitchener,43.3,124.89,Canada,140402.075226978,1094879.0219972,5.8196208840451
Edinburgh,52.66,105.03,United Kingdom,170752.269779507,1092658.14902582,5.83144950467691
Uppsala,47.29,115.26,Sweden,153339.818417639,1091742.77903337,5.83633887421667
Maastricht,54.07,102.56,Netherlands,175324.254215305,1091407.37750866,5.83813244552423
Boise,45.85,118.39,United States,148670.55771725,1091280.64539267,5.83881043691112
Vancouver,60.45,93.04,Canada,196011.673151751,1088731.26943641,5.8524826105309
Regina,49.79,109.89,Canada,161446.173800259,1088382.64190319,5.8543572605824
El Paso,41.05,130.23,United States,133106.35538262,1088058.89023053,5.8560992232395
Louisville,45.73,117.96,United States,148281.452658885,1083932.71822115,5.87839144884806
York,49.91,109.19,United Kingdom,161835.278858625,1083025.17190385,5.88331738468911
Tucson,45.28,118.73,United States,146822.308690013,1081230.71778165,5.89308157558706
Kingston,43.22,123.5,Canada,140142.671854734,1079133.12765634,5.90453639001524
Fresno,48.71,110.95,United States,157944.228274968,1076568.77821377,5.9186007906432
The Hague (Den Haag),57.27,96.23,Netherlands,185700.389105058,1073189.95563462,5.9372348655182
Christchurch,48.8,110.42,New Zealand,158236.057068742,1072649.84793517,5.94022442102927
Brussels,55.12,99.31,Belgium,178728.923476005,1071681.03710181,5.94559444585236
Bonn,49.62,108.3,Germany,160894.941634241,1066644.48626208,5.97366873778806
Victoria,53.38,101.41,Canada,173086.900129702,1063457.13242775,5.99157279369762
Hamilton,47.45,112.15,New Zealand,153858.625162127,1061727.48346292,6.00133360128878
Liverpool,43.61,119.72,United Kingdom,141407.263294423,1051215.31941838,6.06134699924577
Hong Kong,77.59,73.17,Hong Kong,251588.845654994,1045259.04702383,6.09588679481915
Kelowna,51.54,102.9,Canada,167120.622568093,1044342.00950354,6.10123959769352
Nuremberg,46.75,111.96,Germany,151588.845654994,1044035.4699162,6.10303098459792
Barrie,53.11,100.17,Canada,172211.413748379,1043034.61056829,6.10888723859911
Manchester,50.39,104.73,United Kingdom,163391.699092088,1042104.08434676,6.1143420485795
Tel Aviv-Yafo,61.28,88.47,Israel,198702.983138781,1039708.63491602,6.12842926175414
Saskatoon,51.57,102.24,Canada,167217.898832685,1037175.05478857,6.14339960501336
Knoxville,45.43,114.08,United States,147308.69001297,1036557.13293029,6.14706186421689
Vienna,52.76,100.18,Austria,171076.523994812,1036281.43118661,6.14869728450283
Cardiff,45.56,113.66,United Kingdom,147730.220492866,1035152.26356625,6.155404423274
Toledo,41.99,121.65,United States,136154.345006485,1030677.36123085,6.18212940498524
London,42,121,Canada,136186.770428016,1024686.72177275,6.21827206943246
Montreal,46.08,111.14,Canada,149416.342412451,1020441.51568687,6.24414111339728
Grenoble,51.1,101.55,France,165693.904020752,1019668.26246797,6.24887628305286
Winnipeg,44.38,113.44,Canada,143904.02075227,1006111.62659803,6.33307542967449
Linz,53.44,96.35,Austria,173281.452658885,1002883.95513848,6.35345773483634
Milton Keynes,54.02,95.4,United Kingdom,175162.127107652,1002045.82823367,6.35877186690105
Toulouse,50.08,101.76,France,162386.511024643,1001717.14250602,6.36085832171884
Sheffield,42.93,116.03,United Kingdom,139202.33463035,998638.235088532,6.38046952143079
Leuven,50.49,100.41,Belgium,163715.953307393,994348.074279457,6.4079983526242
Eugene,51.89,98,United States,168255.51232166,993353.51955736,6.41441409978301
Plymouth,45.75,108.75,United Kingdom,148346.303501946,988156.726144872,6.44814800459462
Oxford,61.13,84.82,United Kingdom,198216.601815824,986195.667716981,6.4609702014493
Windsor,43.82,112.33,Canada,142088.197146563,982305.40521155,6.48655783436881
Fayetteville,45.61,108.41,United States,147892.347600519,981590.526888544,6.49128190154315
Galway,54.72,91.82,Ireland,177431.906614786,970281.912713826,6.56693764814834
Malmo,46.85,104.73,Sweden,151913.099870298,968894.152642301,6.57634356089479
Innsbruck,55.86,89.97,Austria,181128.404669261,966890.092554648,6.58997425972454
Hartford,60.94,83.43,United States,197600.518806744,963781.044000349,6.61123277074487
Birmingham,47.24,103.48,United Kingdom,153177.691309987,963470.952350278,6.61336058588438
Osaka,49.42,99.54,Japan,160246.433203632,963454.162857622,6.61347583264262
Graz,51.13,96.62,Austria,165791.180285344,962686.723143322,6.61874799842772
San Juan,46.37,104.6,Puerto Rico,150356.679636835,957590.392572602,6.65397321374516
Halifax,50.34,97.28,Canada,163229.571984436,955401.830808514,6.66921562891046
Limerick,50.86,96.35,Ireland,164915.693904021,954466.279160608,6.67575268088191
Brampton,50.16,97.23,Canada,162645.914396887,951412.715882038,6.69717853834931
Leiden,54.99,89.75,Netherlands,178307.392996109,949067.634929272,6.71372680661759
Antwerp,50.16,96.81,Belgium,162645.914396887,946600.367587096,6.73122580562652
Abbotsford,44.81,106.18,Canada,145298.31387808,941547.404161693,6.76734999613846
Lyon,54.31,89.98,France,176102.464332036,940184.942543387,6.77715684818444
Gent,51.39,93.46,Belgium,166634.241245136,930487.011785539,6.84779125470093
Detroit,51.16,93.65,United States,165888.456549935,928542.959857351,6.86212819156659
Syracuse,51.61,92.1,United States,167347.600518807,918437.112956508,6.93763430509318
Groningen,51.84,90.45,Netherlands,168093.385214008,902991.27083439,7.05630389541872
Moncton,42.54,106.45,Canada,137937.743190661,896473.863899576,7.10760355488912
Jerusalem,56.82,83.23,Israel,184241.245136187,896026.372523892,7.11115321747732
Leicester,44.66,101.64,United Kingdom,144811.932555123,892080.270678602,7.1426092823136
Brighton,56.82,82.07,United Kingdom,184241.245136187,880970.377852672,7.23268452845004
Haifa,48.76,93,Israel,158106.35538262,877743.665792699,7.2592729178665
Rochester,53.45,85.49,United States,173313.878080415,870476.430978738,7.31987747761713
Nanaimo,47.05,94.98,Canada,152561.608300908,868241.601027745,7.33871864049762
Surrey,46.7,95.52,Canada,151426.718547341,867543.352297465,7.34462526286875
Nottingham,45.56,97.52,United Kingdom,147730.220492866,867180.036813532,7.34770238176956
Belfast,43.05,100,United Kingdom,139591.439688716,843793.130150777,7.55135422918084
Burlington,60.19,74.43,United States,195168.612191958,828177.622781445,7.69373700356464
Ad Dammam,31.3,130.01,Saudi Arabia,101491.569390402,828055.379284918,7.6948728084108
Lille,47.05,91.04,France,152561.608300908,825896.216265112,7.71498972441408
Taipei,43.79,95.8,Taiwan,141990.920881972,816285.248226367,7.80582625468545
Exeter,47.88,88.49,United Kingdom,155252.918287938,812575.946756065,7.84145881668661
Trieste,46.9,89.75,Italy,152075.226977951,809443.027426493,7.8718088933028
Bordeaux,52.76,80.53,France,171076.523994812,799461.868206823,7.97008722405934
Sharjah,40.99,99.52,United Arab Emirates,132911.802853437,798922.125992921,7.97547171947302
St. John's,49.06,84.95,Canada,159079.118028534,792930.115963998,8.03574072120009
Kingston upon Hull,41.4,96.26,United Kingdom,134241.245136187,776083.676090255,8.2101724571988
Riyadh,31.99,120.27,Saudi Arabia,103728.923476005,775135.298183674,8.22021760181533
Leipzig,44.15,90.83,Germany,143158.236057069,772872.942601864,8.24427984303256
Marseille,45.02,88.88,France,145979.247730221,768049.321361854,8.29605683476133
Milan,57.03,72.64,Italy,184922.178988327,761379.130043872,8.36873585115297
Al Khobar,33.77,112.26,Saudi Arabia,109500.648508431,756476.301231367,8.42297479980013
Madrid,47.27,83.1,Spain,153274.967574578,744023.363207209,8.56395260822379
Bologna,48.35,81.48,Italy,156776.91309987,743130.299255003,8.57424442026599
Norwich,44.97,86.45,United Kingdom,145817.120622568,742234.311418363,8.58459481580923
Turin,45.41,83.81,Italy,147243.839169909,722112.001677579,8.82381238244922
Barcelona,47.9,78.74,Spain,155317.769130999,706233.561716119,9.0222005400517
Jeddah (Jiddah),31.5,111.05,Saudi Arabia,102140.077821012,696919.847647347,9.14277422780767
Padova,49.16,76.11,Italy,159403.372243839,695277.19566589,9.16437481573856
Rome,54.42,69.92,Italy,176459.143968872,692721.789197983,9.19818160952452
Muscat,38.4,92.48,Oman,124513.618677043,686688.879051236,9.27899230102777
Genoa,48.75,75.02,Italy,158073.92996109,677340.386747676,9.40705876481485
Florence,53.92,68.95,Italy,174837.872892348,674409.843622437,9.44793567616578
Limassol,42.53,83.36,Cyprus,137905.317769131,671942.325008943,9.48263055439022
Palma de Mallorca,46.5,76.18,Spain,150778.210116732,658399.954497049,9.67767506421717
Valencia,38.09,88.52,Spain,123508.430609598,646689.968655045,9.85291427230506
Sliema,53.2,67.35,Malta,172503.242542153,645960.539438404,9.86404034441084
Las Palmas de Gran Canaria,34.92,91.68,Spain,113229.571984436,618076.321607186,10.309051809895
Seville (Sevilla),38.54,84.1,Spain,124967.57457847,615417.985270018,10.3535824015968
Granada,32.84,92.98,Spain,106485.084306096,591012.847274095,10.7811206665069
Malaga,36.03,85.63,Spain,116828.793774319,587929.896672665,10.8376540434128
Zaragoza (Saragossa),38.99,79.38,Spain,126426.718547341,580565.385594113,10.9751304160122
Johannesburg,30.65,96.96,South Africa,99383.9169909209,579465.29691818,10.9959662050608
Manama,43.92,71.66,Bahrain,142412.451361868,576522.121698466,11.0521011806905
Corunna,37.64,79.54,Spain,122049.286640726,561839.424835383,11.3409286359438
Alicante,35.74,82.59,Spain,115888.456549935,558379.076134753,11.4112098648555
Santa Cruz de Tenerife,33.98,85,Spain,110181.582360571,549588.371894344,11.5937329604615
Ljubljana,38.14,75.65,Slovenia,123670.55771725,535412.055266898,11.9007048108798
Nicosia,41.91,69.27,Cyprus,135894.941634241,527257.05604127,12.0847710787564
Beijing,37.7,75.42,China,122243.839169909,527254.600435202,12.0848273616929
Shenzhen,31.97,85.6,China,103664.072632944,521460.592205381,12.2191032595005
Prague,36.97,75.78,Czech Republic,119876.783398184,520085.361435518,12.2514135070649
Maribor,30.93,86.74,Slovenia,100291.828793774,512551.65338812,12.4314901333328
Naples,41.58,68.13,Italy,134824.902723735,512277.642015123,12.4381395933139
Tallinn,37.19,74.31,Estonia,120590.142671855,510692.245630049,12.4767526361338
Larnaca,34.95,77.38,Cyprus,113326.848249027,504442.191378287,12.6313399846833
Tartu,32.41,81.28,Estonia,105090.791180285,496654.859198975,12.8293939018224
Shanghai,42.19,64.91,China,136802.853437095,488760.599652149,13.0366089788183
Bratislava,35.66,71.34,Slovakia,115629.053177691,465489.414853059,13.6883474008301
Malta,44.31,59.93,Malta,143677.042801556,462914.374958026,13.7644911599376
Cape Town,32.99,75.5,South Africa,106971.465629053,461985.607635724,13.7921630384251
Selangor,27.54,87.21,Malaysia,89299.6108949416,459331.53148955,13.8718559147355
Gurgaon,20.21,111.44,India,65531.7769130999,448935.374844269,14.1930914313182
Kuala Lumpur,29.28,80.65,Malaysia,94941.6342412452,444476.668087492,14.3354674820942
Warsaw,32.41,74.21,Poland,105090.791180285,444313.056194774,14.340746311818
Guangzhou,28.97,80.92,China,93936.4461738003,441557.546385828,14.4302387629227
Brno,32.11,73.9,Czech Republic,104118.028534371,437926.515931287,14.5498858601144
Pretoria,29.71,77.31,South Africa,96335.9273670558,428336.883111781,14.8756296110391
Durban,25.9,86.06,South Africa,83981.8417639429,425174.713516433,14.9862647503649
Kaohsiung,33.97,66.99,Taiwan,110149.15693904,409674.162775388,15.5532894209178
Coimbra,33.35,67.64,Portugal,108138.78080415,407148.794651484,15.649759757663
Gdansk,29.93,73.51,Poland,97049.2866407263,405528.597188777,15.7122848205738
Ostrava,25.91,81.92,Czech Republic,84014.2671854734,400835.945412905,15.8962311011159
Zagreb,34.19,65.43,Croatia,110862.516212711,400143.78430139,15.9237280994937
Chengdu,24.13,86.15,China,78242.542153048,396614.450202365,16.065427819553
Olomouc,28.11,75.96,Czech Republic,91147.859922179,396600.744494074,16.0659830077879
Taichung,38.31,59.24,Taiwan,124221.789883269,394193.062718692,16.1641120165144
Petaling Jaya,28.39,74.56,Malaysia,92055.7717250324,391472.114137484,16.2764615711045
Lisbon,42.79,54.19,Portugal,138748.378728923,390929.299560641,16.2990618228896
Wroclaw,29.83,71.34,Poland,96725.0324254215,389387.247478035,16.3636093970366
Gdynia,28.39,73.79,Poland,92055.7717250324,386478.59922179,16.4867623582469
Krakow (Cracow),29.58,70.4,Poland,95914.3968871595,379772.361891004,16.7778950268807
Beirut,45.52,50.28,Lebanon,147600.518806745,375214.140270615,16.9817182724572
Penang,27.13,72.8,Malaysia,87970.168612192,363190.682037162,17.5438994915234
Port of Spain,39.48,54.37,Trinidad And Tobago,128015.564202335,362312.454514181,17.5864250387463
Katowice,25.24,76.66,Poland,81841.7639429313,360144.120091243,17.6923083467349
Braga,32.13,63.18,Portugal,104182.879377432,359520.841585312,17.7229803808351
Poznan,27.36,71.27,Poland,88715.953307393,356707.505108803,17.8627607512051
Vilnius,33.54,60.59,Lithuania,108754.86381323,355454.871899598,17.9257096347173
Moscow,34.76,58.16,Russia,112710.765239948,349089.73538389,18.2525585145345
Porto,37.99,54.35,Portugal,123184.176394293,348464.994935741,18.2852823512238
Bydgoszcz,27.54,67.94,Poland,89299.6108949416,338105.501060137,18.8455402291266
Montevideo,37.88,52.59,Uruguay,122827.496757458,332226.962874434,19.1789997018575
Port Elizabeth,24.64,72.87,South Africa,79896.2386511025,330250.919538812,19.2937564892048
Kosice,31.61,59.74,Slovakia,102496.757457847,328863.319367217,19.3751642298633
Navi Mumbai,13.47,117.83,India,43677.0428015564,318877.797163741,19.9818892334042
Monterrey,23.84,72.35,Mexico,77302.2049286641,316696.70501067,20.1195046273157
Athens,37.27,51.33,Greece,120849.546044099,316149.904356999,20.1543025447914
Phuket,29.85,60.53,Thailand,96789.8832684825,315939.361834811,20.16773340591
Riga,32.83,56.19,Latvia,106452.658884566,314933.385689139,20.2321541997684
Lodz,25.38,68.26,Poland,82295.719844358,313442.627219811,20.3283799604239
Bangalore,17.83,90.72,India,57814.5265888457,311677.114984953,20.4435311916482
Funchal,34.99,53.12,Portugal,113456.549935149,311116.323087403,20.4803809671142
San Jose,38.69,49.39,Costa Rica,125453.955901427,311049.8047165,20.4847607209567
Brasilia,28.11,62.25,Brazil,91147.859922179,308567.129873921,20.6495773691815
Kaunas,29.48,59.83,Lithuania,95590.1426718548,307309.345602683,20.7340938799688
Budapest,30.84,56.78,Hungary,100000,300000,21.2392694063927
Rijeka,32.9,53.62,Croatia,106679.636835279,296290.572894038,21.5051756783249
Windhoek,31.2,55.11,Namibia,101167.315175097,291599.908445869,21.8511070729662
Sofia,27.07,61.3,Bulgaria,87775.6160830091,291276.533680179,21.8753661388803
Noida,17.72,85.54,India,57457.8469520104,288786.903190643,22.0639535640973
Klaipeda,29.06,57.32,Lithuania,94228.2749675746,286269.415849007,22.257986599863
Thessaloniki,36.16,48.73,Greece,117250.324254215,285258.185848491,22.3368903611483
Santiago,33.58,51.27,Chile,108884.565499351,284388.535814615,22.4051957779037
Patras,32.82,52.12,Greece,106420.233463035,284324.575842593,22.4102359180001
Split,33.73,50.58,Croatia,109370.946822309,280342.507934463,22.7285575379363
Panama City,43.75,41.99,Panama,141861.21919585,277776.159742771,22.9385445742293
Lublin,26.9,58.99,Poland,87224.3839169909,275252.995953618,23.1488155100462
Johor Bahru,26.58,59.02,Malaysia,86186.7704280156,272160.759734822,23.4118277305153
Osijek,26.98,58.16,Croatia,87483.7872892348,270956.302090258,23.5158982196152
Pune,17.34,81.91,India,56225.6809338521,268215.7086605,23.756180626926
Bucharest,27.28,56.84,Romania,88456.5499351492,265743.541527611,23.9771803494828
Bangkok,40.22,42.94,Thailand,130415.04539559,264091.615350211,24.1271606198789
Mumbai,23.73,62.44,India,76945.5252918288,261517.215054898,24.3646706798259
Szczecin,26.16,57.23,Poland,84824.9027237354,257163.768137792,24.7771327510792
Thane,17.35,78.97,India,56258.1063553826,256718.481096859,24.8201095405896
Brasov,24.75,59.49,Romania,80252.9182879377,256080.023518995,24.8819909275163
Saint Petersburg,27.03,55.59,Russia,87645.9143968872,255590.181504695,24.9296775971841
Nagpur,13.52,96.55,India,43839.1699092088,254341.305943846,25.052088170549
Cluj-Napoca,26.37,55.52,Romania,85505.8365758755,248927.699647626,25.596913605587
Irbil,27.44,53.9,Iraq,88975.3566796368,248874.007535398,25.602435887209
Delhi,18.59,72.18,India,60278.8586251621,246232.449269463,25.8770963811715
Makati,37.73,42.39,Philippines,122341.115434501,243001.602654156,26.2211473188769
Arad,23.32,58.78,Romania,75616.0830090791,237502.152938344,26.8283076304236
Mexico City,27.66,51.53,Mexico,89688.7159533074,235894.90736997,27.0110995313879
Amman,35.16,43.51,Jordan,114007.782101167,235444.743381171,27.0627440239865
Debrecen,24.86,55.3,Hungary,80609.597924773,233424.27070784,27.296993592808
Timisoara,25.09,54.15,Romania,81355.3826199741,228992.906839103,27.8252322740931
Campinas,27.46,50.45,Brazil,89040.2075226978,227414.774479423,28.0183239479647
Sibiu,22.97,56.63,Romania,74481.1932555123,222656.529467958,28.6170849655444
Plovdiv,22.79,56.58,Bulgaria,73897.5356679637,220651.43003076,28.8771335904306
Iasi,23.78,54.67,Romania,77107.6523994812,219861.375897781,28.9809012424274
Jaipur,15.35,75.94,India,49773.0220492866,216501.250189025,29.4306883510127
Pristina,17.73,66.66,Kosovo (Disputed Territory),57490.2723735409,212485.180702911,29.9869421521052
Lucknow (Lakhnau),14.11,79.8,India,45752.2697795071,211453.163711487,30.1332962348657
Constanta,25.06,50.97,Romania,81258.1063553826,210515.453414526,30.2675205956075
Podgorica,25.86,49.2,Montenegro,83852.140077821,206780.145362742,30.8142776993418
Cancun,24.12,51.58,Mexico,78210.1167315175,205979.937584204,30.9339875361067
Craiova,20.59,57.77,Romania,66763.9429312581,204948.137599829,31.0897229735213
Buenos Aires,20.98,56.88,Argentina,68028.5343709468,204564.846046063,31.1479755445519
Guadalajara,21.84,54.98,Mexico,70817.1206225681,203471.381795804,31.3153661496843
Queretaro,21.72,55.02,Mexico,70428.0155642023,202551.865826598,31.4575271667584
Varna,24.54,50,Bulgaria,79571.9844357977,200709.750103821,31.7462446075584
Yekaterinburg,22.67,52.61,Russia,73508.4306095979,198931.057546157,32.0300957553568
Mangalore,13.89,76.36,India,45038.9105058366,197241.554885194,32.3044544321634
Hyderabad,14.97,71.49,India,48540.8560311284,195924.504847024,32.5216124797296
Tijuana,24.3,49.12,Mexico,78793.7743190662,193862.104127748,32.867593440124
Chennai,15.91,67.36,India,51588.8456549935,193217.399031189,32.9772621609986
Sarajevo,24.8,48.15,Bosnia And Herzegovina,80415.0453955901,192355.961000864,33.1249460051264
Porto Alegre,25.08,47.29,Brazil,81322.9571984436,189600.793834624,33.606298228242
Rabat,27.14,44.37,Morocco,88002.5940337224,187071.382526775,34.0606924258221
Quito,31.71,39.98,Ecuador,102821.011673152,186772.792250244,34.1151446372376
Baghdad,30.71,40.78,Iraq,99578.4695201038,186494.79480042,34.1659981917279
Oradea,21.25,52.18,Romania,68904.0207522698,184383.179166958,34.5572782219369
Vadodara,13.01,75.74,India,42185.4734111543,182902.779928813,34.8369818348183
Banja Luka,22.56,49.56,Bosnia And Herzegovina,73151.7509727626,182248.092508049,34.9621262655268
Burgas,22.57,49.43,Bulgaria,73184.1763942931,181658.644258747,35.0755718117223
Szeged,25.09,45.34,Hungary,81355.3826199741,178500.415054533,35.6961681011845
Guatemala City,30.02,40.06,Guatemala,97341.1154345007,177367.238514502,35.924226341252
Puerto Vallarta,23.42,47.28,Mexico,75940.3372243839,176997.961047463,35.9991763984737
Kazan,21.48,50.19,Russia,69649.8054474708,176614.635229427,36.077309299089
Hanoi,26.44,43.06,Vietnam,85732.8145265889,174334.46222684,36.5491753066414
Sao Paulo,29.64,39.54,Brazil,96108.9494163424,171601.361250947,37.1312953199701
Novi Sad,21.89,48.25,Serbia,70979.2477302205,170285.190662392,37.4182910277295
Novosibirsk,21.09,49.35,Russia,68385.2140077821,169361.197495145,37.6224360488504
Kochi,13.58,68,India,44033.7224383917,166906.265290431,38.1758037113249
Ahmedabad,14.58,64.15,India,47276.2645914397,166374.483808762,38.2978247388092
Minsk,22.75,46.1,Belarus,73767.8339818418,165802.236223365,38.4300053307719
Surat,13.66,67.15,India,44293.1258106355,165237.229820515,38.5614115465323
Bhubaneswar,13.86,65.69,India,44941.6342412451,163034.128584214,39.0824968811761
Chandigarh,15.97,58.76,India,51783.3981841764,162573.239878677,39.1932942141822
Ankara,15.24,60.88,Turkey,49416.3424124514,162522.151851024,39.205614430693
Cuenca,24.21,43.13,Ecuador,78501.9455252918,160017.879096465,39.8191805684204
Vijayawada,13.31,66.07,India,43158.2360570688,157719.865830253,40.3993548204985
Krasnodar,20.1,48.31,Russia,65175.0972762646,156636.029840068,40.6788963460301
Perm,21.32,45.9,Russia,69130.9987029831,154406.362372531,41.2663100406758
Tehran,27.07,39.06,Iran,87775.6160830091,153754.187664954,41.4413481589365
Salvador,27.43,38.61,Brazil,88942.9312581064,152979.335446754,41.6512518067226
Antalya,14.89,59.1,Turkey,48281.4526588846,152735.373839184,41.7177806408272
Belgrade,26.29,39.59,Serbia,85246.4332036316,152506.739782052,41.7803228304779
Manila,27.49,38.42,Philippines,89137.4837872892,152120.855565134,41.8863067673819
Kingston,39.38,31.07,Jamaica,127691.30998703,151799.28538437,41.9750383263259
Voronezh,19.23,48.72,Russia,62354.0856031128,151657.25998221,42.01434750084
Rio de Janeiro,29.23,36.88,Brazil,94779.5071335928,151466.93337975,42.0671408586771
Kolkata,15.38,57.06,India,49870.2983138781,150594.599311334,42.3108189208367
Lima,28.25,37.49,Peru,91601.8158236057,150325.065136379,42.3866825943975
Male,51.71,26.88,Maldives,167671.854734112,149835.679979021,42.5251236742139
Chelyabinsk,21.33,44.59,Russia,69163.4241245136,148095.968740021,43.0246743117184
Almaty,21.15,44.31,Kazakhstan,68579.766536965,145493.460321289,43.7942764427156
Thiruvananthapuram,12.07,66.56,India,39137.4837872892,144377.198909574,44.1328746508552
Kota Kinabalu,26.28,38.23,Malaysia,85214.0077821012,144284.51405726,44.1612245330026
Samara,22.14,42.66,Russia,71789.8832684825,143959.072013903,44.2610579019462
Guwahati,13.68,60.23,India,44357.9766536965,143854.840102354,44.2931278320856
Izmir,15.8,53.21,Turkey,51232.1660181582,140811.761690627,45.2503451800927
Bhopal,12.93,61.76,India,41926.0700389105,140487.039196955,45.3549370699237
Florianopolis,25.22,38.41,Brazil,81776.9130998703,139501.792935073,45.6752611407896
Guayaquil,32.41,33,Ecuador,105090.791180285,139220.311951058,45.7676091413857
Barranquilla,21.69,42.28,Colombia,70330.7392996109,139150.321467388,45.790629548859
Istanbul,17.99,47.93,Turkey,58333.3333333333,138631.560408595,45.9619786658824
Astana,22.37,41.09,Kazakhstan,72535.6679636835,137431.968290473,46.3631635432198
Curitiba,23.24,39.97,Brazil,75356.6796368353,136831.167146138,46.5667358892922
Casablanca,25.83,37.32,Morocco,83754.8638132296,136444.60906523,46.6986630367468
Isfahan (Esfahan),19.2,45.3,Iran,62256.8093385214,136421.138039782,46.7066974625275
Bursa,14.64,54.8,Turkey,47470.8171206226,135790.949572588,46.9234572846974
Kaliningrad,20.66,42.28,Russia,66990.9208819715,132542.445436433,48.0735118545379
Skopje,22.14,40.4,Macedonia,71789.8832684825,132529.333642169,48.0782680091165
Nizhny Novgorod,21.51,40.9,Russia,69747.0817120623,131214.921952844,48.559879677463
Rostov-na-donu,20.8,41.7,Russia,67444.8767833982,130684.842263288,48.7568467128019
Islamabad,16.49,48.42,Pakistan,53469.5201037613,128918.233571767,49.4249777194684
Goa,15.51,49.89,India,50291.8287937743,126464.729045,50.3838569855358
Coimbatore,13.79,54.21,India,44714.6562905318,126048.395312831,50.5502732192991
San Salvador,32.17,30.83,El Salvador,104312.581063554,122243.028248835,52.123879072658
Chiang Mai,27.13,33.77,Thailand,87970.168612192,121311.451256334,52.5241496654268
Kiev,20.99,39.13,Ukraine,68060.9597924773,119556.184038424,53.2952843315074
Nis,20.59,39.58,Serbia,66763.9429312581,119394.342466361,53.3675272236041
Indore,14.7,49.61,India,47665.3696498055,118919.976481005,53.5804076864713
Tirana,24.29,35.23,Albania,78761.3488975357,116713.277496278,54.5934529353014
Belo Horizonte,25.02,34.34,Brazil,81128.4046692607,115134.322794101,55.3421487814084
Surabaya,21.31,37.82,Indonesia,69098.5732814527,115002.028444827,55.4058124720358
Dhaka,19.77,39.62,Bangladesh,64105.0583657588,114820.085167271,55.4936082187652
Santo Domingo,29.57,30.98,Dominican Republic,95881.9714656291,113376.462913039,56.2002082108087
Bogota,23.63,34.86,Colombia,76621.271076524,111544.809214256,57.1230599326127
Merida,19.52,39.07,Mexico,63294.4228274968,110915.728625148,57.4470447149288
Tbilisi,20.55,37.79,Georgia,66634.2412451362,110759.769086227,57.5279352285157
Asuncion,22.39,35.36,Paraguay,72600.5188067445,108248.677741793,58.8624355959019
Cali,18.82,38.53,Colombia,61024.6433203632,104616.74499479,60.9059364467434
Nairobi,28.16,30.22,Kenya,91309.9870298314,103081.54576633,61.813011965902
Ho Chi Minh City,27.1,30.55,Vietnam,87872.8923476005,101244.18135576,62.9347853535223
Harare,31.48,28.15,Zimbabwe,102075.226977951,100349.404190018,63.4959507069165
Algiers,21.46,34.6,Algeria,69584.9546044099,100026.840345402,63.700710728395
Yerevan,21.78,34.28,Armenia,70622.5680933852,99926.3318179389,63.7647825752965
Puebla,20.35,35.49,Mexico,65985.7328145266,98990.2205202779,64.3677808618738
Medellin,21.7,33.44,Colombia,70363.1647211414,95395.4987712833,66.7933068539697
Pattaya,31.57,27.29,Thailand,102367.055771725,94434.4202416865,67.4730760840219
Chisinau,22.01,32.72,Moldova,71368.3527885863,93138.3399372005,68.4120076245083
Mysore,13.32,44.74,India,43190.6614785992,92938.2708604307,68.5592787871703
Jakarta,28.38,28.37,Indonesia,92023.346303502,91893.6903030743,69.3386107457765
Lahore,16.35,38.22,Pakistan,53015.5642023346,89728.7023572448,71.0116234217818
Ulaanbaatar,22.58,31.24,Mongolia,73216.6018158236,87916.6592427413,72.4752382176519
Dnipro,16.98,36.73,Ukraine,55058.3657587549,87406.8525800311,72.8979551813024
Rawalpindi,13.07,43.41,Pakistan,42380.0259403372,87223.1389818212,73.0514963838414
Baku,19.86,32.92,Azerbaijan,64396.8871595331,84947.6373414764,75.0083347969318
Tunis,16.62,35.51,Tunisia,53891.0505836576,80921.9967024066,78.7397874690395
Odessa,19.36,31.73,Ukraine,62775.6160830091,77546.3492790112,82.1673861008232
Recife,24.36,27.96,Brazil,78988.326848249,76595.584294903,83.187312696586
Karachi,15.34,35.12,Pakistan,49740.5966277562,73323.1408549347,86.8999983855572
Quezon City,20.92,29.47,Philippines,67833.981841764,72995.0033556142,87.2906435920828
Kharkiv,17.01,32.82,Ukraine,55155.6420233463,72368.7095938588,88.0460748530263
Bandung,21.37,28.67,Indonesia,69293.1258106356,70659.9504127474,90.1752801225899
Colombo,23.63,27.01,Sri Lanka,76621.271076524,69172.3556777496,92.1145558726056
Lviv,17.66,30.87,Ukraine,57263.2944228275,67267.7305037442,94.7226965173613
Bali,25.27,25.64,Indonesia,81939.0402075227,66064.9746512925,96.4471848441578
Cebu,24.45,24.27,Philippines,79280.1556420234,56269.6419931937,113.23656231345
Paramaribo,22.05,25.09,Suriname,71498.0544747082,54876.4567454699,116.111374527544
Davao,20.97,25.64,Philippines,67996.1089494164,54823.2100687615,116.224146924743
Kathmandu,18.34,26.26,Nepal,59468.2230869001,50544.8475902395,126.061925709481
Kampala,20.6,24.85,Uganda,66796.3683527886,50138.4504965807,127.083720354548
Tashkent,18.9,24.72,Uzbekistan,61284.046692607,45439.562623437,140.225399498703
Cairo,16.53,25.71,Egypt,53599.2217898833,43479.7491307155,146.545942635547
Sumy,13.95,26.51,Ukraine,45233.4630350195,39242.6979412656,162.368571892137
Alexandria,14.7,24.67,Egypt,47665.3696498055,35173.9871138931,181.150371190108
Lagos,32.57,18.37,Nigeria,105609.597924773,31061.6464484627,205.133389580293
Phnom Penh,32.78,17.76,Cambodia,106290.531776913,26694.3110802885,238.694334637571
Dumaguete,20.7,14.82,Philippines,67120.6225680934,2955.2933501274,2156.05696864006
Accra,44.64,14.28,Ghana,144747.081712062,866.748992287793,7351.35648107237
Addis Ababa,41.55,11.06,Ethiopia,134727.626459144,,
Havana,29.97,2.16,Cuba,97178.9883268483,,
Caracas,17.43,4.15,Venezuela,56517.5097276265,,
